kabupaten,pH_tanah,suhu_tanah_c
Bogor,6.5,27
Bone,5.8,30
Boyolali,6.2,26
Banyuasin,5.4,31
Demak,6.1,29
Sidrap,5.9,30
Ogan Ilir,5.5,31
Wajo,5.7,32
Karawang,6.4,28
Bojonegoro,6.0,30
Sragen,6.3,27
Lamongan,5.8,31
Lahat,5.6,29
Indramayu,6.5,30
OKU Timur,5.7,28
Ngawi,6.2,27
Klaten,6.4,26
Pinrang,5.9,30
Cianjur,6.6,25
Pati,6.1,29
Musi Banyuasin,5.5,31
Maros,5.8,30